[
    {
        "icon": "bx bx-error",
        "content": "Curabitur id eros quis nunc suscipit blandit"
    },
    {
        "icon": "bx bx-package",
        "content": "Duis malesuada justo eu sapien elementum, in semper diam posuere"
    },
    {
        "icon": "bx bx-cart",
        "content": "Donec at nisi sit amet tortor commodo porttitor pretium a erat"
    },
    {
        "icon": "bx bx-error",
        "content": "In gravida mauris et nisi"
    },
    {
        "icon": "bx bx-cart",
        "content": "Curabitur id eros quis nunc suscipit blandit"
    }
]